Date,Phase,Illumination_%,Moon_Rise,Moon_Set,Up_All_Day,Down_All_Day,Eclipse_Type,Eclipse_Depth_%,Eclipse_Time
2025-10-28,First Quarter,46.4,19:05:53 UTC,03:35:00 UTC,False,False,None,0,None
2025-10-29,First Quarter,52.9,19:34:37 UTC,04:45:00 UTC,False,False,None,0,None
2025-10-30,First Quarter,59.6,20:00:12 UTC,05:59:59 UTC,False,False,None,0,None
2025-10-31,Waxing Gibbous,66.5,20:24:14 UTC,07:09:59 UTC,False,False,None,0,None
2025-11-01,Waxing Gibbous,73.6,20:48:19 UTC,08:15:00 UTC,False,False,None,0,None
2025-11-02,Waxing Gibbous,81.0,21:14:07 UTC,09:30:00 UTC,False,False,None,0,None
2025-11-03,Full Moon,88.6,21:43:40 UTC,10:54:59 UTC,False,False,None,0,None
2025-11-04,Full Moon,96.0,22:19:27 UTC,12:14:59 UTC,False,False,None,0,None
2025-11-05,Full Moon,94.8,23:04:12 UTC,13:30:00 UTC,False,False,None,0,None
2025-11-06,Waxing Gibbous,87.2,No rise,14:50:00 UTC,False,False,None,0,None
2025-11-07,Waxing Gibbous,79.5,No rise,16:00:00 UTC,False,False,None,0,None
2025-11-08,Waxing Gibbous,72.0,01:06:08 UTC,17:04:59 UTC,False,False,None,0,None
2025-11-09,Waxing Gibbous,64.6,02:18:32 UTC,17:40:00 UTC,False,False,None,0,None
2025-11-10,First Quarter,57.5,03:31:54 UTC,18:15:00 UTC,False,False,None,0,None
2025-11-11,First Quarter,50.7,04:42:42 UTC,18:49:59 UTC,False,False,None,0,None
2025-11-12,First Quarter,44.1,05:49:48 UTC,19:05:00 UTC,False,False,None,0,None
2025-11-13,First Quarter,37.6,06:53:36 UTC,19:34:59 UTC,False,False,None,0,None
2025-11-14,Waxing Crescent,31.3,07:55:13 UTC,19:54:59 UTC,False,False,None,0,None
2025-11-15,Waxing Crescent,25.2,08:55:55 UTC,20:14:59 UTC,False,False,None,0,None
2025-11-16,Waxing Crescent,19.1,09:56:46 UTC,20:30:00 UTC,False,False,None,0,None
2025-11-17,Waxing Crescent,13.2,10:58:27 UTC,20:59:59 UTC,False,False,None,0,None
2025-11-18,New Moon,7.4,12:01:00 UTC,21:29:59 UTC,False,False,None,0,None
2025-11-19,New Moon,2.8,13:03:31 UTC,21:55:00 UTC,False,False,None,0,None
2025-11-20,New Moon,5.8,14:04:03 UTC,22:44:59 UTC,False,False,None,0,None
2025-11-21,New Moon,11.5,15:00:02 UTC,23:34:59 UTC,False,False,None,0,None
2025-11-22,Waxing Crescent,17.4,15:49:21 UTC,No set,False,False,None,0,None
2025-11-23,Waxing Crescent,23.5,16:31:11 UTC,00:25:00 UTC,False,False,None,0,None
2025-11-24,Waxing Crescent,29.6,17:06:08 UTC,01:34:59 UTC,False,False,None,0,None
2025-11-25,Waxing Crescent,35.9,17:35:40 UTC,02:39:59 UTC,False,False,None,0,None
2025-11-26,First Quarter,42.3,18:01:26 UTC,03:40:00 UTC,False,False,None,0,None
2025-11-27,First Quarter,48.9,18:25:02 UTC,04:54:59 UTC,False,False,None,0,None
2025-11-28,First Quarter,55.7,18:48:02 UTC,05:55:00 UTC,False,False,None,0,None
2025-11-29,Waxing Gibbous,62.7,19:11:58 UTC,07:05:00 UTC,False,False,None,0,None
2025-11-30,Waxing Gibbous,70.0,19:38:38 UTC,08:24:59 UTC,False,False,None,0,None
2025-12-01,Waxing Gibbous,77.5,20:10:18 UTC,09:35:00 UTC,False,False,None,0,None
2025-12-02,Waxing Gibbous,85.2,20:49:49 UTC,11:04:59 UTC,False,False,None,0,None
2025-12-03,Full Moon,92.8,21:40:06 UTC,12:24:59 UTC,False,False,None,0,None
2025-12-04,Full Moon,97.0,22:42:32 UTC,13:35:00 UTC,False,False,None,0,None
2025-12-05,Full Moon,90.5,23:54:44 UTC,14:40:00 UTC,False,False,None,0,None
2025-12-06,Waxing Gibbous,83.0,No rise,15:39:59 UTC,False,False,None,0,None
2025-12-07,Waxing Gibbous,75.6,01:11:02 UTC,16:19:59 UTC,False,False,None,0,None
2025-12-08,Waxing Gibbous,68.4,02:26:00 UTC,16:49:59 UTC,False,False,None,0,None
2025-12-09,First Quarter,61.5,03:36:58 UTC,17:10:00 UTC,False,False,None,0,None
2025-12-10,First Quarter,54.8,04:43:40 UTC,17:30:00 UTC,False,False,None,0,None
2025-12-11,First Quarter,48.4,05:47:07 UTC,17:59:59 UTC,False,False,None,0,None
2025-12-12,First Quarter,42.1,06:48:39 UTC,18:19:59 UTC,False,False,None,0,None
2025-12-13,Waxing Crescent,36.0,07:49:35 UTC,18:39:59 UTC,False,False,None,0,None
2025-12-14,Waxing Crescent,29.9,08:50:55 UTC,19:04:59 UTC,False,False,None,0,None
2025-12-15,Waxing Crescent,24.0,09:53:03 UTC,19:29:59 UTC,False,False,None,0,None
2025-12-16,Waxing Crescent,18.0,10:55:33 UTC,20:04:59 UTC,False,False,None,0,None
2025-12-17,New Moon,12.1,11:56:54 UTC,20:35:00 UTC,False,False,None,0,None
2025-12-18,New Moon,6.4,12:54:40 UTC,21:29:59 UTC,False,False,None,0,None
2025-12-19,New Moon,2.7,13:46:23 UTC,22:20:00 UTC,False,False,None,0,None
2025-12-20,New Moon,6.9,14:30:40 UTC,23:20:00 UTC,False,False,None,0,None
2025-12-21,Waxing Crescent,12.9,15:07:39 UTC,No set,False,False,None,0,None
2025-12-22,Waxing Crescent,19.1,15:38:34 UTC,00:25:00 UTC,False,False,None,0,None
2025-12-23,Waxing Crescent,25.4,16:05:04 UTC,01:39:59 UTC,False,False,None,0,None
2025-12-24,Waxing Crescent,31.9,16:28:46 UTC,02:40:00 UTC,False,False,None,0,None
2025-12-25,First Quarter,38.5,16:51:11 UTC,03:45:00 UTC,False,False,None,0,None
2025-12-26,First Quarter,45.3,17:13:47 UTC,04:59:59 UTC,False,False,None,0,None
2025-12-27,First Quarter,52.3,17:38:09 UTC,06:09:59 UTC,False,False,None,0,None
2025-12-28,First Quarter,59.5,18:06:13 UTC,07:15:00 UTC,False,False,None,0,None
2025-12-29,Waxing Gibbous,66.8,18:40:27 UTC,08:30:00 UTC,False,False,None,0,None
2025-12-30,Waxing Gibbous,74.3,19:23:50 UTC,09:50:00 UTC,False,False,None,0,None
2025-12-31,Waxing Gibbous,82.0,20:19:02 UTC,11:14:59 UTC,False,False,None,0,None
2026-01-01,Full Moon,89.6,21:26:19 UTC,12:24:59 UTC,False,False,None,0,None
2026-01-02,Full Moon,96.6,22:41:52 UTC,13:24:59 UTC,False,False,None,0,None
2026-01-03,Full Moon,94.2,No rise,14:09:59 UTC,False,False,None,0,None
2026-01-04,Waxing Gibbous,87.0,No rise,14:40:00 UTC,False,False,None,0,None
2026-01-05,Waxing Gibbous,79.8,01:14:50 UTC,15:14:59 UTC,False,False,None,0,None
2026-01-06,Waxing Gibbous,72.9,02:25:46 UTC,15:39:59 UTC,False,False,None,0,None
2026-01-07,Waxing Gibbous,66.1,03:32:38 UTC,15:55:00 UTC,False,False,None,0,None
2026-01-08,First Quarter,59.6,04:36:36 UTC,16:15:00 UTC,False,False,None,0,None
2026-01-09,First Quarter,53.3,05:39:00 UTC,16:35:00 UTC,False,False,None,0,None
2026-01-10,First Quarter,47.1,06:40:59 UTC,17:00:00 UTC,False,False,None,0,None
2026-01-11,First Quarter,41.1,07:43:18 UTC,17:25:00 UTC,False,False,None,0,None
2026-01-12,Waxing Crescent,35.1,08:45:56 UTC,17:55:00 UTC,False,False,None,0,None
2026-01-13,Waxing Crescent,29.1,09:47:52 UTC,18:39:59 UTC,False,False,None,0,None
2026-01-14,Waxing Crescent,23.1,10:47:06 UTC,19:24:59 UTC,False,False,None,0,None
2026-01-15,Waxing Crescent,17.1,11:41:11 UTC,20:10:00 UTC,False,False,None,0,None
2026-01-16,New Moon,11.0,12:28:15 UTC,21:10:00 UTC,False,False,None,0,None
2026-01-17,New Moon,5.0,13:07:53 UTC,22:15:00 UTC,False,False,None,0,None
2026-01-18,New Moon,2.6,13:40:56 UTC,23:29:59 UTC,False,False,None,0,None
2026-01-19,New Moon,8.4,14:08:57 UTC,No set,False,False,None,0,None
2026-01-20,Waxing Crescent,14.9,14:33:33 UTC,00:39:59 UTC,False,False,None,0,None
2026-01-21,Waxing Crescent,21.6,14:56:17 UTC,01:44:59 UTC,False,False,None,0,None
2026-01-22,Waxing Crescent,28.4,15:18:35 UTC,02:45:00 UTC,False,False,None,0,None
2026-01-23,Waxing Crescent,35.3,15:41:54 UTC,03:55:00 UTC,False,False,None,0,None
2026-01-24,First Quarter,42.3,16:07:55 UTC,05:05:00 UTC,False,False,None,0,None
2026-01-25,First Quarter,49.5,16:38:43 UTC,06:24:59 UTC,False,False,None,0,None
2026-01-26,First Quarter,56.7,17:16:55 UTC,07:39:59 UTC,False,False,None,0,None
2026-01-27,Waxing Gibbous,64.1,18:05:16 UTC,08:54:59 UTC,False,False,None,0,None
2026-01-28,Waxing Gibbous,71.5,19:05:23 UTC,10:00:00 UTC,False,False,None,0,None
2026-01-29,Waxing Gibbous,79.0,20:15:51 UTC,11:09:59 UTC,False,False,None,0,None
2026-01-30,Waxing Gibbous,86.5,21:31:59 UTC,11:59:59 UTC,False,False,None,0,None
2026-01-31,Full Moon,93.9,22:48:30 UTC,12:39:59 UTC,False,False,None,0,None
2026-02-01,Full Moon,98.1,No rise,13:05:00 UTC,False,False,None,0,None
2026-02-02,Full Moon,91.4,00:02:09 UTC,13:39:59 UTC,False,False,None,0,None
2026-02-03,Waxing Gibbous,84.4,01:12:03 UTC,13:55:00 UTC,False,False,None,0,None
2026-02-04,Waxing Gibbous,77.7,02:18:43 UTC,14:24:59 UTC,False,False,None,0,None
2026-02-05,Waxing Gibbous,71.1,03:23:15 UTC,14:44:59 UTC,False,False,None,0,None
2026-02-06,Waxing Gibbous,64.7,04:26:45 UTC,15:00:00 UTC,False,False,None,0,None
2026-02-07,First Quarter,58.5,05:30:03 UTC,15:25:00 UTC,False,False,None,0,None
2026-02-08,First Quarter,52.4,06:33:22 UTC,15:59:59 UTC,False,False,None,0,None
2026-02-09,First Quarter,46.4,07:36:06 UTC,16:34:59 UTC,False,False,None,0,None
2026-02-10,First Quarter,40.4,08:36:40 UTC,17:10:00 UTC,False,False,None,0,None
2026-02-11,Waxing Crescent,34.4,09:32:51 UTC,18:00:00 UTC,False,False,None,0,None
2026-02-12,Waxing Crescent,28.3,10:22:37 UTC,19:04:59 UTC,False,False,None,0,None
2026-02-13,Waxing Crescent,22.1,11:05:04 UTC,20:00:00 UTC,False,False,None,0,None
2026-02-14,Waxing Crescent,15.7,11:40:39 UTC,21:14:59 UTC,False,False,None,0,None
2026-02-15,New Moon,9.3,12:10:41 UTC,22:24:59 UTC,False,False,None,0,None
2026-02-16,New Moon,2.6,12:36:46 UTC,23:25:00 UTC,False,False,None,0,None
2026-02-17,New Moon,4.2,13:00:28 UTC,No set,False,False,None,0,None
2026-02-18,New Moon,11.2,13:23:14 UTC,00:35:00 UTC,False,False,None,0,None
2026-02-19,Waxing Crescent,18.2,13:46:30 UTC,01:45:00 UTC,False,False,None,0,None
2026-02-20,Waxing Crescent,25.4,14:11:51 UTC,02:55:00 UTC,False,False,None,0,None
2026-02-21,Waxing Crescent,32.6,14:41:08 UTC,04:14:59 UTC,False,False,None,0,None
2026-02-22,First Quarter,39.8,15:16:38 UTC,05:29:59 UTC,False,False,None,0,None
2026-02-23,First Quarter,47.1,16:00:54 UTC,06:44:59 UTC,False,False,None,0,None
2026-02-24,First Quarter,54.4,16:55:48 UTC,07:50:00 UTC,False,False,None,0,None
2026-02-25,First Quarter,61.7,18:01:04 UTC,08:55:00 UTC,False,False,None,0,None
2026-02-26,Waxing Gibbous,69.0,19:13:23 UTC,09:54:59 UTC,False,False,None,0,None
2026-02-27,Waxing Gibbous,76.3,20:28:05 UTC,10:30:00 UTC,False,False,None,0,None
2026-02-28,Waxing Gibbous,83.5,21:41:31 UTC,11:05:00 UTC,False,False,None,0,None
2026-03-01,Full Moon,90.6,22:52:07 UTC,11:39:59 UTC,False,False,None,0,None
2026-03-02,Full Moon,97.5,No rise,12:04:59 UTC,False,False,None,0,None
2026-03-03,Full Moon,95.6,No rise,12:24:59 UTC,False,False,Total,68,2026-03-03 05:52 ET
2026-03-04,Full Moon,88.9,01:05:30 UTC,12:40:00 UTC,False,False,None,0,None
2026-03-05,Waxing Gibbous,82.4,02:10:02 UTC,13:09:59 UTC,False,False,None,0,None
2026-03-06,Waxing Gibbous,76.1,03:14:13 UTC,13:25:00 UTC,False,False,None,0,None
2026-03-07,Waxing Gibbous,69.8,04:18:23 UTC,13:59:59 UTC,False,False,None,0,None
2026-03-08,Waxing Gibbous,63.7,05:22:07 UTC,14:25:00 UTC,False,False,None,0,None
2026-03-09,First Quarter,57.7,06:24:06 UTC,15:09:59 UTC,False,False,None,0,None
2026-03-10,First Quarter,51.7,07:22:15 UTC,15:50:00 UTC,False,False,None,0,None
2026-03-11,First Quarter,45.6,08:14:30 UTC,16:45:00 UTC,False,False,None,0,None
2026-03-12,First Quarter,39.5,08:59:37 UTC,17:45:00 UTC,False,False,None,0,None
2026-03-13,Waxing Crescent,33.3,09:37:39 UTC,18:50:00 UTC,False,False,None,0,None
2026-03-14,Waxing Crescent,26.9,10:09:42 UTC,20:04:59 UTC,False,False,None,0,None
2026-03-15,Waxing Crescent,20.4,10:37:19 UTC,21:14:59 UTC,False,False,None,0,None
2026-03-16,Waxing Crescent,13.6,11:02:05 UTC,22:15:00 UTC,False,False,None,0,None
2026-03-17,New Moon,6.7,11:25:29 UTC,23:25:00 UTC,False,False,None,0,None
2026-03-18,New Moon,1.1,11:48:58 UTC,No set,False,False,None,0,None
2026-03-19,New Moon,7.9,12:14:04 UTC,00:44:59 UTC,False,False,None,0,None
2026-03-20,Waxing Crescent,15.3,12:42:36 UTC,01:59:59 UTC,False,False,None,0,None
2026-03-21,Waxing Crescent,22.8,13:16:42 UTC,03:10:00 UTC,False,False,None,0,None
2026-03-22,Waxing Crescent,30.3,13:58:52 UTC,04:34:59 UTC,False,False,None,0,None
2026-03-23,First Quarter,37.7,14:51:07 UTC,05:40:00 UTC,False,False,None,0,None
2026-03-24,First Quarter,45.1,15:53:35 UTC,06:54:59 UTC,False,False,None,0,None
2026-03-25,First Quarter,52.3,17:03:34 UTC,07:45:00 UTC,False,False,None,0,None
2026-03-26,First Quarter,59.5,18:16:37 UTC,08:30:00 UTC,False,False,None,0,None
2026-03-27,Waxing Gibbous,66.6,19:29:02 UTC,09:05:00 UTC,False,False,None,0,None
2026-03-28,Waxing Gibbous,73.5,20:38:57 UTC,09:35:00 UTC,False,False,None,0,None
2026-03-29,Waxing Gibbous,80.4,21:46:12 UTC,10:00:00 UTC,False,False,None,0,None
2026-03-30,Waxing Gibbous,87.1,22:51:28 UTC,10:29:59 UTC,False,False,None,0,None
2026-03-31,Full Moon,93.6,No rise,10:49:59 UTC,False,False,None,0,None
2026-04-01,Full Moon,98.4,No rise,11:05:00 UTC,False,False,None,0,None
2026-04-02,Full Moon,93.1,00:59:41 UTC,11:34:59 UTC,False,False,None,0,None
2026-04-03,Waxing Gibbous,86.9,02:03:56 UTC,11:55:00 UTC,False,False,None,0,None
2026-04-04,Waxing Gibbous,80.7,03:08:10 UTC,12:25:00 UTC,False,False,None,0,None
2026-04-05,Waxing Gibbous,74.6,04:11:15 UTC,13:00:00 UTC,False,False,None,0,None
2026-04-06,Waxing Gibbous,68.6,05:11:13 UTC,13:49:59 UTC,False,False,None,0,None
2026-04-07,Waxing Gibbous,62.6,06:05:47 UTC,14:39:59 UTC,False,False,None,0,None
2026-04-08,First Quarter,56.6,06:53:22 UTC,15:39:59 UTC,False,False,None,0,None
2026-04-09,First Quarter,50.5,07:33:41 UTC,16:35:00 UTC,False,False,None,0,None
2026-04-10,First Quarter,44.3,08:07:33 UTC,17:40:00 UTC,False,False,None,0,None
2026-04-11,First Quarter,37.9,08:36:27 UTC,18:54:59 UTC,False,False,None,0,None
2026-04-12,Waxing Crescent,31.3,09:02:00 UTC,19:55:00 UTC,False,False,None,0,None
2026-04-13,Waxing Crescent,24.6,09:25:42 UTC,21:09:59 UTC,False,False,None,0,None
2026-04-14,Waxing Crescent,17.6,09:49:02 UTC,22:15:00 UTC,False,False,None,0,None
2026-04-15,New Moon,10.4,10:13:30 UTC,23:34:59 UTC,False,False,None,0,None
2026-04-16,New Moon,3.4,10:40:51 UTC,No set,False,False,None,0,None
2026-04-17,New Moon,5.4,11:13:14 UTC,00:45:00 UTC,False,False,None,0,None
2026-04-18,Waxing Crescent,12.9,11:53:12 UTC,02:05:00 UTC,False,False,None,0,None
2026-04-19,Waxing Crescent,20.5,12:43:14 UTC,03:25:00 UTC,False,False,None,0,None
2026-04-20,Waxing Crescent,28.1,13:44:12 UTC,04:44:59 UTC,False,False,None,0,None
2026-04-21,Waxing Crescent,35.6,14:53:52 UTC,05:40:00 UTC,False,False,None,0,None
2026-04-22,First Quarter,43.0,16:07:30 UTC,06:34:59 UTC,False,False,None,0,None
2026-04-23,First Quarter,50.1,17:20:41 UTC,07:14:59 UTC,False,False,None,0,None
2026-04-24,First Quarter,57.1,18:31:03 UTC,07:44:59 UTC,False,False,None,0,None
2026-04-25,Waxing Gibbous,64.0,19:38:16 UTC,08:05:00 UTC,False,False,None,0,None
2026-04-26,Waxing Gibbous,70.6,20:43:03 UTC,08:34:59 UTC,False,False,None,0,None
2026-04-27,Waxing Gibbous,77.2,21:46:28 UTC,08:54:59 UTC,False,False,None,0,None
2026-04-28,Waxing Gibbous,83.6,22:49:34 UTC,09:10:00 UTC,False,False,None,0,None
2026-04-29,Full Moon,89.8,23:53:01 UTC,09:39:59 UTC,False,False,None,0,None
2026-04-30,Full Moon,95.6,No rise,10:04:59 UTC,False,False,None,0,None
2026-05-01,Full Moon,96.4,00:56:54 UTC,10:25:00 UTC,False,False,None,0,None
2026-05-02,Full Moon,91.0,02:00:19 UTC,11:00:00 UTC,False,False,None,0,None
2026-05-03,Waxing Gibbous,85.0,03:01:30 UTC,11:40:00 UTC,False,False,None,0,None
2026-05-04,Waxing Gibbous,79.1,03:58:04 UTC,12:34:59 UTC,False,False,None,0,None
2026-05-05,Waxing Gibbous,73.1,04:48:01 UTC,13:29:59 UTC,False,False,None,0,None
2026-05-06,Waxing Gibbous,67.1,05:30:32 UTC,14:29:59 UTC,False,False,None,0,None
2026-05-07,First Quarter,61.0,06:06:10 UTC,15:34:59 UTC,False,False,None,0,None
2026-05-08,First Quarter,54.8,06:36:15 UTC,16:39:59 UTC,False,False,None,0,None
2026-05-09,First Quarter,48.4,07:02:23 UTC,17:44:59 UTC,False,False,None,0,None
2026-05-10,First Quarter,41.9,07:26:08 UTC,18:49:59 UTC,False,False,None,0,None
2026-05-11,Waxing Crescent,35.2,07:48:56 UTC,19:59:59 UTC,False,False,None,0,None
2026-05-12,Waxing Crescent,28.2,08:12:16 UTC,21:09:59 UTC,False,False,None,0,None
2026-05-13,Waxing Crescent,20.9,08:37:46 UTC,22:24:59 UTC,False,False,None,0,None
2026-05-14,Waxing Crescent,13.5,09:07:26 UTC,23:35:00 UTC,False,False,None,0,None
2026-05-15,New Moon,6.2,09:43:51 UTC,No set,False,False,None,0,None
2026-05-16,New Moon,3.6,10:29:55 UTC,01:04:59 UTC,False,False,None,0,None
2026-05-17,New Moon,10.6,11:27:46 UTC,02:15:00 UTC,False,False,None,0,None
2026-05-18,Waxing Crescent,18.3,12:36:38 UTC,03:25:00 UTC,False,False,None,0,None
2026-05-19,Waxing Crescent,25.9,13:51:59 UTC,04:29:59 UTC,False,False,None,0,None
2026-05-20,Waxing Crescent,33.4,15:08:06 UTC,05:05:00 UTC,False,False,None,0,None
2026-05-21,First Quarter,40.6,16:21:19 UTC,05:40:00 UTC,False,False,None,0,None
2026-05-22,First Quarter,47.7,17:30:35 UTC,06:14:59 UTC,False,False,None,0,None
2026-05-23,First Quarter,54.5,18:36:27 UTC,06:39:59 UTC,False,False,None,0,None
2026-05-24,First Quarter,61.1,19:40:08 UTC,06:55:00 UTC,False,False,None,0,None
2026-05-25,Waxing Gibbous,67.5,20:42:52 UTC,07:15:00 UTC,False,False,None,0,None
2026-05-26,Waxing Gibbous,73.8,21:45:38 UTC,07:44:59 UTC,False,False,None,0,None
2026-05-27,Waxing Gibbous,80.0,22:48:50 UTC,08:00:00 UTC,False,False,None,0,None
2026-05-28,Waxing Gibbous,86.1,23:52:03 UTC,08:34:59 UTC,False,False,None,0,None
2026-05-29,Full Moon,92.0,No rise,09:00:00 UTC,False,False,None,0,None
2026-05-30,Full Moon,96.9,00:53:50 UTC,09:44:59 UTC,False,False,None,0,None
2026-05-31,Full Moon,94.7,01:51:54 UTC,10:25:00 UTC,False,False,None,0,None
2026-06-01,Full Moon,89.1,02:43:59 UTC,11:24:59 UTC,False,False,None,0,None
2026-06-02,Waxing Gibbous,83.1,03:28:45 UTC,12:15:00 UTC,False,False,None,0,None
2026-06-03,Waxing Gibbous,77.1,04:06:18 UTC,13:24:59 UTC,False,False,None,0,None
2026-06-04,Waxing Gibbous,71.0,04:37:44 UTC,14:29:59 UTC,False,False,None,0,None
2026-06-05,Waxing Gibbous,64.8,05:04:37 UTC,15:34:59 UTC,False,False,None,0,None
2026-06-06,First Quarter,58.5,05:28:31 UTC,16:30:00 UTC,False,False,None,0,None
2026-06-07,First Quarter,51.9,05:50:54 UTC,17:35:00 UTC,False,False,None,0,None
2026-06-08,First Quarter,45.2,06:13:08 UTC,18:49:59 UTC,False,False,None,0,None
2026-06-09,First Quarter,38.3,06:36:44 UTC,19:55:00 UTC,False,False,None,0,None
2026-06-10,Waxing Crescent,31.1,07:03:27 UTC,21:14:59 UTC,False,False,None,0,None
2026-06-11,Waxing Crescent,23.7,07:35:35 UTC,22:34:59 UTC,False,False,None,0,None
2026-06-12,Waxing Crescent,16.0,08:16:02 UTC,23:54:59 UTC,False,False,None,0,None
2026-06-13,New Moon,8.4,09:07:52 UTC,No set,False,False,None,0,None
2026-06-14,New Moon,2.6,10:12:25 UTC,01:09:59 UTC,False,False,None,0,None
2026-06-15,New Moon,8.3,11:27:05 UTC,02:05:00 UTC,False,False,None,0,None
2026-06-16,Waxing Crescent,15.9,12:45:55 UTC,03:04:59 UTC,False,False,None,0,None
2026-06-17,Waxing Crescent,23.4,14:03:19 UTC,03:44:59 UTC,False,False,None,0,None
2026-06-18,Waxing Crescent,30.8,15:16:39 UTC,04:14:59 UTC,False,False,None,0,None
2026-06-19,First Quarter,37.9,16:25:41 UTC,04:35:00 UTC,False,False,None,0,None
2026-06-20,First Quarter,44.8,17:31:28 UTC,05:04:59 UTC,False,False,None,0,None
2026-06-21,First Quarter,51.4,18:35:22 UTC,05:20:00 UTC,False,False,None,0,None
2026-06-22,First Quarter,57.8,19:38:32 UTC,05:40:00 UTC,False,False,None,0,None
2026-06-23,Waxing Gibbous,64.1,20:41:43 UTC,06:05:00 UTC,False,False,None,0,None
2026-06-24,Waxing Gibbous,70.3,21:44:54 UTC,06:30:00 UTC,False,False,None,0,None
2026-06-25,Waxing Gibbous,76.3,22:47:06 UTC,07:00:00 UTC,False,False,None,0,None
2026-06-26,Waxing Gibbous,82.4,23:46:22 UTC,07:44:59 UTC,False,False,None,0,None
2026-06-27,Full Moon,88.3,No rise,08:20:00 UTC,False,False,None,0,None
2026-06-28,Full Moon,94.1,00:40:23 UTC,09:19:59 UTC,False,False,None,0,None
2026-06-29,Full Moon,97.7,01:27:27 UTC,10:10:00 UTC,False,False,None,0,None
2026-06-30,Full Moon,92.9,02:07:09 UTC,11:10:00 UTC,False,False,None,0,None
2026-07-01,Waxing Gibbous,86.9,02:40:19 UTC,12:15:00 UTC,False,False,None,0,None
2026-07-02,Waxing Gibbous,80.7,03:08:21 UTC,13:20:00 UTC,False,False,None,0,None
2026-07-03,Waxing Gibbous,74.4,03:32:51 UTC,14:29:59 UTC,False,False,None,0,None
2026-07-04,Waxing Gibbous,68.0,03:55:15 UTC,15:34:59 UTC,False,False,None,0,None
2026-07-05,First Quarter,61.5,04:16:56 UTC,16:39:59 UTC,False,False,None,0,None
2026-07-06,First Quarter,54.7,04:39:15 UTC,17:40:00 UTC,False,False,None,0,None
2026-07-07,First Quarter,47.8,05:03:44 UTC,18:50:00 UTC,False,False,None,0,None
2026-07-08,First Quarter,40.7,05:32:20 UTC,20:05:00 UTC,False,False,None,0,None
2026-07-09,Waxing Crescent,33.3,06:07:34 UTC,21:29:59 UTC,False,False,None,0,None
2026-07-10,Waxing Crescent,25.8,06:52:29 UTC,22:44:59 UTC,False,False,None,0,None
2026-07-11,Waxing Crescent,18.1,07:49:43 UTC,23:54:59 UTC,False,False,None,0,None
2026-07-12,New Moon,10.3,08:59:16 UTC,No set,False,False,None,0,None
2026-07-13,New Moon,2.9,10:17:01 UTC,00:49:59 UTC,False,False,None,0,None
2026-07-14,New Moon,5.7,11:36:49 UTC,01:30:00 UTC,False,False,None,0,None
2026-07-15,Waxing Crescent,13.2,12:54:05 UTC,02:05:00 UTC,False,False,None,0,None
2026-07-16,Waxing Crescent,20.6,14:07:10 UTC,02:35:00 UTC,False,False,None,0,None
2026-07-17,Waxing Crescent,27.8,15:16:21 UTC,03:00:00 UTC,False,False,None,0,None
2026-07-18,Waxing Crescent,34.7,16:22:47 UTC,03:29:59 UTC,False,False,None,0,None
2026-07-19,First Quarter,41.4,17:27:41 UTC,03:45:00 UTC,False,False,None,0,None
2026-07-20,First Quarter,47.9,18:31:59 UTC,04:14:59 UTC,False,False,None,0,None
2026-07-21,First Quarter,54.2,19:35:56 UTC,04:39:59 UTC,False,False,None,0,None
2026-07-22,First Quarter,60.3,20:38:58 UTC,05:09:59 UTC,False,False,None,0,None
2026-07-23,Waxing Gibbous,66.4,21:39:33 UTC,05:35:00 UTC,False,False,None,0,None
2026-07-24,Waxing Gibbous,72.4,22:35:31 UTC,06:24:59 UTC,False,False,None,0,None
2026-07-25,Waxing Gibbous,78.5,23:24:58 UTC,07:05:00 UTC,False,False,None,0,None
2026-07-26,Waxing Gibbous,84.5,No rise,08:09:59 UTC,False,False,None,0,None
2026-07-27,Full Moon,90.6,00:07:06 UTC,09:09:59 UTC,False,False,None,0,None
2026-07-28,Full Moon,96.7,00:42:22 UTC,10:14:59 UTC,False,False,None,0,None
2026-07-29,Full Moon,96.6,01:12:02 UTC,11:19:59 UTC,False,False,None,0,None
2026-07-30,Full Moon,90.4,01:37:39 UTC,12:15:00 UTC,False,False,None,0,None
2026-07-31,Waxing Gibbous,84.0,02:00:40 UTC,13:20:00 UTC,False,False,None,0,None
2026-08-01,Waxing Gibbous,77.4,02:22:28 UTC,14:25:00 UTC,False,False,None,0,None
2026-08-02,Waxing Gibbous,70.7,02:44:20 UTC,15:39:59 UTC,False,False,None,0,None
2026-08-03,Waxing Gibbous,63.9,03:07:41 UTC,16:40:00 UTC,False,False,None,0,None
2026-08-04,First Quarter,56.9,03:34:10 UTC,17:59:59 UTC,False,False,None,0,None
2026-08-05,First Quarter,49.8,04:05:55 UTC,19:05:00 UTC,False,False,None,0,None
2026-08-06,First Quarter,42.5,04:45:36 UTC,20:20:00 UTC,False,False,None,0,None
2026-08-07,Waxing Crescent,35.1,05:35:57 UTC,21:30:00 UTC,False,False,None,0,None
2026-08-08,Waxing Crescent,27.6,06:38:24 UTC,22:30:00 UTC,False,False,None,0,None
2026-08-09,Waxing Crescent,20.0,07:51:10 UTC,23:20:00 UTC,False,False,None,0,None
2026-08-10,New Moon,12.3,09:09:19 UTC,No set,False,False,None,0,None
2026-08-11,New Moon,4.7,10:27:40 UTC,00:00:00 UTC,False,False,None,0,None
2026-08-12,New Moon,2.9,11:43:12 UTC,00:39:59 UTC,False,False,None,0,None
2026-08-13,New Moon,10.3,12:55:12 UTC,01:04:59 UTC,False,False,None,0,None
2026-08-14,Waxing Crescent,17.4,14:04:14 UTC,01:29:59 UTC,False,False,None,0,None
2026-08-15,Waxing Crescent,24.4,15:11:19 UTC,01:45:00 UTC,False,False,None,0,None
2026-08-16,Waxing Crescent,31.1,16:17:22 UTC,02:14:59 UTC,False,False,None,0,None
2026-08-17,First Quarter,37.6,17:22:49 UTC,02:39:59 UTC,False,False,None,0,None
2026-08-18,First Quarter,43.9,18:27:19 UTC,03:00:00 UTC,False,False,None,0,None
2026-08-19,First Quarter,50.1,19:29:37 UTC,03:39:59 UTC,False,False,None,0,None
2026-08-20,First Quarter,56.1,20:27:46 UTC,04:19:59 UTC,False,False,None,0,None
2026-08-21,First Quarter,62.2,21:19:48 UTC,05:04:59 UTC,False,False,None,0,None
2026-08-22,Waxing Gibbous,68.2,22:04:36 UTC,05:59:59 UTC,False,False,None,0,None
2026-08-23,Waxing Gibbous,74.3,22:42:17 UTC,06:50:00 UTC,False,False,None,0,None
2026-08-24,Waxing Gibbous,80.5,23:13:57 UTC,07:55:00 UTC,False,False,None,0,None
2026-08-25,Waxing Gibbous,86.8,23:41:04 UTC,09:00:00 UTC,False,False,None,0,None
2026-08-26,Full Moon,93.1,No rise,10:05:00 UTC,False,False,None,0,None
2026-08-27,Full Moon,99.6,00:05:08 UTC,11:10:00 UTC,False,False,None,0,None
2026-08-28,Full Moon,93.7,00:27:34 UTC,12:15:00 UTC,False,False,Total,71,2026-08-28 00:05 ET
2026-08-29,Waxing Gibbous,86.9,00:49:39 UTC,13:29:59 UTC,False,False,None,0,None
2026-08-30,Waxing Gibbous,80.0,01:12:43 UTC,14:39:59 UTC,False,False,None,0,None
2026-08-31,Waxing Gibbous,73.0,01:38:19 UTC,15:49:59 UTC,False,False,None,0,None
2026-09-01,Waxing Gibbous,65.9,02:08:18 UTC,16:55:00 UTC,False,False,None,0,None
2026-09-02,First Quarter,58.7,02:45:01 UTC,18:10:00 UTC,False,False,None,0,None
2026-09-03,First Quarter,51.5,03:30:58 UTC,19:20:00 UTC,False,False,None,0,None
2026-09-04,First Quarter,44.1,04:27:56 UTC,20:29:59 UTC,False,False,None,0,None
2026-09-05,Waxing Crescent,36.8,05:35:19 UTC,21:15:00 UTC,False,False,None,0,None
2026-09-06,Waxing Crescent,29.4,06:49:36 UTC,22:04:59 UTC,False,False,None,0,None
2026-09-07,Waxing Crescent,21.9,08:06:04 UTC,22:30:00 UTC,False,False,None,0,None
2026-09-08,Waxing Crescent,14.6,09:21:16 UTC,23:04:59 UTC,False,False,None,0,None
2026-09-09,New Moon,7.3,10:33:50 UTC,23:29:59 UTC,False,False,None,0,None
2026-09-10,New Moon,0.9,11:43:49 UTC,23:54:59 UTC,False,False,None,0,None
2026-09-11,New Moon,7.0,12:52:00 UTC,No set,False,False,None,0,None
2026-09-12,Waxing Crescent,13.9,13:59:13 UTC,00:10:00 UTC,False,False,None,0,None
2026-09-13,Waxing Crescent,20.5,15:05:55 UTC,00:35:00 UTC,False,False,None,0,None
2026-09-14,Waxing Crescent,27.0,16:11:56 UTC,01:00:00 UTC,False,False,None,0,None
2026-09-15,Waxing Crescent,33.3,17:16:09 UTC,01:39:59 UTC,False,False,None,0,None
2026-09-16,First Quarter,39.5,18:16:43 UTC,02:14:59 UTC,False,False,None,0,None
2026-09-17,First Quarter,45.5,19:11:33 UTC,02:50:00 UTC,False,False,None,0,None
2026-09-18,First Quarter,51.6,19:59:13 UTC,03:49:59 UTC,False,False,None,0,None
2026-09-19,First Quarter,57.6,20:39:30 UTC,04:44:59 UTC,False,False,None,0,None
2026-09-20,Waxing Gibbous,63.7,21:13:18 UTC,05:40:00 UTC,False,False,None,0,None
2026-09-21,Waxing Gibbous,69.9,21:42:04 UTC,06:45:00 UTC,False,False,None,0,None
2026-09-22,Waxing Gibbous,76.2,22:07:19 UTC,07:50:00 UTC,False,False,None,0,None
2026-09-23,Waxing Gibbous,82.6,22:30:31 UTC,08:55:00 UTC,False,False,None,0,None
2026-09-24,Full Moon,89.2,22:52:59 UTC,10:00:00 UTC,False,False,None,0,None
2026-09-25,Full Moon,95.8,23:16:05 UTC,11:14:59 UTC,False,False,None,0,None
2026-09-26,Full Moon,96.5,23:41:16 UTC,12:24:59 UTC,False,False,None,0,None
2026-09-27,Full Moon,89.6,No rise,13:30:00 UTC,False,False,None,0,None
2026-09-28,Waxing Gibbous,82.5,00:10:20 UTC,14:45:00 UTC,False,False,None,0,None
2026-09-29,Waxing Gibbous,75.2,00:45:27 UTC,16:00:00 UTC,False,False,None,0,None
2026-09-30,Waxing Gibbous,67.8,01:29:04 UTC,17:19:59 UTC,False,False,None,0,None
2026-10-01,First Quarter,60.5,02:23:03 UTC,18:24:59 UTC,False,False,None,0,None
2026-10-02,First Quarter,53.2,03:27:17 UTC,19:19:59 UTC,False,False,None,0,None
2026-10-03,First Quarter,45.9,04:38:51 UTC,19:55:00 UTC,False,False,None,0,None
2026-10-04,First Quarter,38.6,05:53:19 UTC,20:39:59 UTC,False,False,None,0,None
2026-10-05,Waxing Crescent,31.4,07:07:08 UTC,21:00:00 UTC,False,False,None,0,None
2026-10-06,Waxing Crescent,24.3,08:18:41 UTC,21:25:00 UTC,False,False,None,0,None
2026-10-07,Waxing Crescent,17.3,09:27:54 UTC,21:50:00 UTC,False,False,None,0,None
2026-10-08,New Moon,10.5,10:35:29 UTC,22:19:59 UTC,False,False,None,0,None
2026-10-09,New Moon,4.1,11:42:19 UTC,22:35:00 UTC,False,False,None,0,None
2026-10-10,New Moon,3.9,12:48:59 UTC,23:09:59 UTC,False,False,None,0,None
2026-10-11,New Moon,10.0,13:55:31 UTC,23:30:00 UTC,False,False,None,0,None
2026-10-12,Waxing Crescent,16.3,15:01:00 UTC,No set,False,False,None,0,None
2026-10-13,Waxing Crescent,22.5,16:03:41 UTC,00:05:00 UTC,False,False,None,0,None
2026-10-14,Waxing Crescent,28.6,17:01:16 UTC,00:45:00 UTC,False,False,None,0,None
2026-10-15,Waxing Crescent,34.7,17:51:53 UTC,01:39:59 UTC,False,False,None,0,None
2026-10-16,First Quarter,40.7,18:34:54 UTC,02:34:59 UTC,False,False,None,0,None
2026-10-17,First Quarter,46.7,19:10:55 UTC,03:34:59 UTC,False,False,None,0,None
2026-10-18,First Quarter,52.7,19:41:17 UTC,04:30:00 UTC,False,False,None,0,None
2026-10-19,First Quarter,58.9,20:07:36 UTC,05:39:59 UTC,False,False,None,0,None
2026-10-20,Waxing Gibbous,65.1,20:31:22 UTC,06:44:59 UTC,False,False,None,0,None
2026-10-21,Waxing Gibbous,71.6,20:53:58 UTC,07:49:59 UTC,False,False,None,0,None
2026-10-22,Waxing Gibbous,78.2,21:16:46 UTC,08:54:59 UTC,False,False,None,0,None
2026-10-23,Waxing Gibbous,85.1,21:41:13 UTC,10:04:59 UTC,False,False,None,0,None
2026-10-24,Full Moon,92.0,22:09:03 UTC,11:14:59 UTC,False,False,None,0,None
2026-10-25,Full Moon,97.4,22:42:24 UTC,12:29:59 UTC,False,False,None,0,None
2026-10-26,Full Moon,92.4,23:23:50 UTC,13:40:00 UTC,False,False,None,0,None
2026-10-27,Waxing Gibbous,85.0,No rise,15:04:59 UTC,False,False,None,0,None
